{"id":"SERVICE_DEFINITION_MODEL-fa7ba98f-7b3f-4d56-89ae-0682413b2fcb","name":"Customer DO Service","key":"customerDOService","description":null,"tenantId":"default","editorJson":{"type":"database","operations":[{"name":"Lookup","key":"findById","inputParameters":[{"name":"lookupId","mappingName":"lookupId","type":"STRING"}],"outputParameters":[{"name":"customerName","mappingName":"customerName","type":"STRING"}],"config":{}},{"name":"Create","key":"create","inputParameters":[{"name":"customerName","mappingName":"customerName","type":"STRING"}],"outputParameters":[{"name":"customerName","mappingName":"customerName","type":"STRING"}],"config":{}},{"name":"Update","key":"update","inputParameters":[{"name":"customerName","mappingName":"customerName","type":"STRING"}],"outputParameters":[{"name":"customerName","mappingName":"customerName","type":"STRING"}],"config":{}},{"name":"Delete","key":"delete","inputParameters":[{"name":"lookupId","mappingName":"lookupId","type":"STRING"}],"outputParameters":[],"config":{}}],"referenceKey":"dataobjectExampleModel","lookupId":"id","config":{},"columnMappings":[{"name":"id","type":"INT","columnName":"CUSTOMER_ID"},{"name":"customerName","type":"STRING","columnName":"CUSTOMER_NAME"}],"tableName":"CUSTOMERS"}}