{"id":"APP_MODEL-367b094b-c1b4-49dd-85b0-1436bf91e0c9","name":"Action engine demo","key":"actionEngineDemo","description":"","editorJson":{"cmmnModels":[{"id":"CASE_MODEL-993e1bbe-73db-496c-855e-2edaa91cbb8a","name":"A Case","version":2,"modelType":5,"description":"","createdBy":"a7ff2d36-d933-4156-b496-ed2c036319c5","lastUpdatedBy":"a7ff2d36-d933-4156-b496-ed2c036319c5","lastUpdated":"2020-06-11T17:58:06.077+0000","key":"aCase","tenantId":"default"}],"workModels":[{"id":"ACTION_MODEL-3e9a1e7d-1039-445a-9cb0-63cf4050d2fc","name":"Custom Bot Service","version":1,"modelType":6,"createdBy":"Admin","lastUpdatedBy":"Admin","lastUpdated":"2020-06-11T17:58:29.348+0000","key":"customBotService","tenantId":"default"}],"theme":"theme-1","icon":"glyphicon-asterisk","flowApp":false,"i18n":{}}}