{"id":"CASE_MODEL-993e1bbe-73db-496c-855e-2edaa91cbb8a","name":"A Case","key":"aCase","description":"","tenantId":"default","editorJson":{"resourceId":"editor_CASE_MODEL-993e1bbe-73db-496c-855e-2edaa91cbb8a","stencil":{"id":"CASEDiagram"},"pathProperties":{},"xmlProperties":["caseinstancename","caseinstancename_en_us","caseinstancename_en_us-run","caseinstancename_de_de","caseinstancename_de_de-run","caseinstancename_fr_fr","caseinstancename_fr_fr-run","caseinstancename_it_it","caseinstancename_it_it-run","caseinstancename_es_es","caseinstancename_es_es-run","caseinstancename-run","caseinstancename_i18n-key"],"childShapes":[{"resourceId":"onecaseplanmodel1","stencil":{"id":"CasePlanModel"},"pathProperties":{},"xmlProperties":["planitemlifecyclelisteners","autocomplete","autocomplete-run"],"childShapes":[{"resourceId":"humanTask1","stencil":{"id":"Task"},"pathProperties":{},"xmlProperties":["planitemlifecyclelisteners","exposetoobjectitems","exposeasmessageitems","exposehumantaskasmessageitems","exposehumantasktoobjectitems"],"childShapes":[],"bounds":{"lowerRight":{"x":266,"y":186},"upperLeft":{"x":166,"y":106}},"specialproperties":{"startformreference":{"type":"treeview"},"form_entry":{"type":"treeview"},"securitypolicy":{"type":"treeview"}},"outputmappingproperties":{"planitemlifecyclelisteners":{"type":"complex","placeholders":[]},"exposetoobjectitems":{"type":"complex","placeholders":[]},"exposeasmessageitems":{"type":"complex","placeholders":[]},"exposehumantaskasmessageitems":{"type":"complex","placeholders":[]},"exposehumantasktoobjectitems":{"type":"complex","placeholders":[]},"tasklistener":{"type":"complex","placeholders":[]}},"properties":{"stencilid":"HumanTask","stencilsuperid":"Task","stencilsuperids":["Task"],"customstencil":false,"bordercolor":"#000000","notes":"","planitemlifecyclelisteners":"","required":false,"required-run":"","repetition":false,"repetition-run":"","repetitioncountervariablename":"repetitionCounter","maxinstancecount":"unlimited","collectionvariable":"","elementvariable":"","elementindexvariable":"","manualactivation":false,"manualactivation-run":"","startformreference":"","startformsamedeployment":true,"startformfieldvalidation":false,"formfieldvalidation-run":"","manualactivationpermissiongroups":"","manualactivationpermissiongroups-run":"","manualactivationname":"","manualactivationname_en_us":"","manualactivationname_en_us-run":"","manualactivationname_de_de":"","manualactivationname_de_de-run":"","manualactivationname_fr_fr":"","manualactivationname_fr_fr-run":"","manualactivationname_it_it":"","manualactivationname_it_it-run":"","manualactivationname_es_es":"","manualactivationname_es_es-run":"","manualactivationname-run":"","manualactivationname_i18n-key":"","manualactivationchannels":"","manualactivationchannels-run":"","completionneutral":false,"completionneutral-run":"","impactparentcompletion":"default","bgcolor":"#ffffff","isblocking":true,"isblocking-run":"","id":"humanTask1","name":"Human task","name_en_us":"Human task","name_de_de":"","name_fr_fr":"","name_it_it":"","name_es_es":"","name_i18n-key":"","description":"","fontsize":"12","fontweight":"normal","fontstyle":"normal","fontcolor":"#000000","async":false,"exclusive":true,"exposetoobjectitems":"","exposeasmessageitems":"","exposehumantaskasmessageitems":"","exposehumantasktoobjectitems":"","availablestaterendering":"readOnly","activestaterendering":"fullAccess","completedstaterendering":"hidden","terminatedstaterendering":"hidden","owner":"","owner-run":"","assignee":"","assignee-run":"${initiator}","candidateusers":"","candidateusers-run":"","candidategroups":"","candidategroups-run":"","participantusers":"","participantusers-run":"","participantgroups":"","participantgroups-run":"","watcherusers":"","watcherusers-run":"","watchergroups":"","watchergroups-run":"","isdiscretionary":false,"applicabilityrule":"","tasktype":"human","name_en_us-run":"","name_de_de-run":"","name_fr_fr-run":"","name_it_it-run":"","name_es_es-run":"","name-run":"Human task","form_entry":{"id":"FORM_MODEL-54d786b7-e82d-4265-8fa0-4c1751d2a526","key":"anActionButton"},"samedeployment":true,"formfieldvalidation":false,"taskid":"","securitypolicy":"","priority":"","duedate":"","tasklistener":"","customfolderpath":"","categorydefinition":"","candidatestype":"all","exposetocaseview":"","elementlabel":"","elementlabel_en_us":"","elementlabel_de_de":"","elementlabel_fr_fr":"","elementlabel_it_it":"","elementlabel_es_es":"","elementlabel_i18n-key":"","elementicon":"","elementindex":""},"ssextensions":[],"outgoing":[],"dockers":[],"labels":[{"styles":{"fill":"#000000","size":"12","italic":false,"bold":false},"ref":"text_name"}]}],"bounds":{"lowerRight":{"x":788,"y":799},"upperLeft":{"x":30,"y":45}},"specialproperties":{"formreference":{"type":"treeview"},"workformreference":{"type":"treeview"},"inboundchannelreference":{"type":"treeview","placeholder":"inboundchannelkey"}},"outputmappingproperties":{"planitemlifecyclelisteners":{"type":"complex","placeholders":[]}},"properties":{"stencilid":"CasePlanModel","stencilsuperid":"CasePlanModel","stencilsuperids":["CasePlanModel"],"customstencil":false,"bordercolor":"#000000","notes":"","planitemlifecyclelisteners":"","bgcolor":"#ffffff","id":"onecaseplanmodel1","name":"Case plan model","name_en_us":"Case plan model","name_de_de":"","name_fr_fr":"","name_it_it":"","name_es_es":"","name_i18n-key":"","description":"","fontsize":"12","fontweight":"normal","fontstyle":"normal","fontcolor":"#000000","autocomplete":false,"autocomplete-run":"","formreference":"","samedeployment":true,"formfieldvalidation":false,"formfieldvalidation-run":"","workformreference":"","workformsamedeployment":true,"workformfieldvalidation":false,"workformfieldvalidation-run":"","inboundstarteventconfiguration":"","inboundchannelreference":"","inboundchannelkey":""},"ssextensions":[],"outgoing":[],"dockers":[],"labels":[{"styles":{"fill":"#000000","size":"12","italic":false,"bold":false},"ref":"text_name"}]}],"bounds":{"lowerRight":{"x":1485,"y":1050},"upperLeft":{"x":0,"y":0}},"specialproperties":{"securitypolicy":{"type":"treeview"}},"outputmappingproperties":{"customcaseviewelements":{"type":"formlist","placeholders":[]},"namespaces":{"type":"complex","placeholders":[]}},"properties":{"stencilid":"CASEDiagram","stencilsuperid":"CASEDiagram","stencilsuperids":["CASEDiagram"],"customstencil":false,"owner":"","owner-run":"","notes":"","assignee":"","assignee-run":"","participantusers":"","participantusers-run":"","participantgroups":"","participantgroups-run":"","watcherusers":"","watcherusers-run":"","watchergroups":"","watchergroups-run":"","customcaseviewelements":"","id":"aCase","name":"A Case","name_en_us":"","name_de_de":"","name_fr_fr":"","name_it_it":"","name_es_es":"","name_i18n-key":"","description":"","fontsize":"12","fontweight":"normal","fontstyle":"normal","fontcolor":"#000000","labelexpression":"","creationdate":"2020-06-11T17:52:41.871Z","modificationdate":"2020-06-11T17:58:06.077Z","caseinstancename":"","caseinstancename_en_us":"","caseinstancename_en_us-run":"","caseinstancename_de_de":"","caseinstancename_de_de-run":"","caseinstancename_fr_fr":"","caseinstancename_fr_fr-run":"","caseinstancename_it_it":"","caseinstancename_it_it-run":"","caseinstancename_es_es":"","caseinstancename_es_es-run":"","caseinstancename-run":"","caseinstancename_i18n-key":"","securitypolicy":"","customfolderpath":"","case_potentialstarteruser":"","case_potentialstarteruser-run":"","case_potentialstartergroup":"flowableUser","case_potentialstartergroup-run":"","do-not-inherit-start-user-as-owner":"","do-not-inherit-start-user-as-assignee":"","version":"","author":"","case_initiatorvariablename":"initiator","case_namespace":"","namespaces":""},"ssextensions":[],"stencilset":{"url":"./app/editor_stencilset","paletteKey":"flowable-case-palette","namespace":"http://b3mn.org/stencilset/case1.0#"}}}