{"id":"PROCESS_MODEL-360e6314-6735-453b-9bad-c76507aa0297","name":"Mail Test Process","key":"mailTestProcess","description":"","tenantId":"default","editorJson":{"resourceId":"editor_PROCESS_MODEL-360e6314-6735-453b-9bad-c76507aa0297","stencil":{"id":"BPMNDiagram"},"pathProperties":{},"xmlProperties":["processinstancename","processinstancename_en_us","processinstancename_en_us-run","processinstancename_de_de","processinstancename_de_de-run","processinstancename_fr_fr","processinstancename_fr_fr-run","processinstancename_it_it","processinstancename_it_it-run","processinstancename_es_es","processinstancename_es_es-run","processinstancename-run","processinstancename_i18n-key","process_namespace"],"childShapes":[{"resourceId":"startnoneevent1","stencil":{"id":"StartNoneEvent"},"pathProperties":{},"xmlProperties":["formproperties"],"childShapes":[],"bounds":{"lowerRight":{"x":147,"y":291},"upperLeft":{"x":117,"y":261}},"specialproperties":{"formreference":{"type":"treeview"},"workformreference":{"type":"treeview"}},"outputmappingproperties":{"formproperties":{"type":"formlist","placeholders":[]},"fields":{"type":"complex","placeholders":[]},"executionlistener":{"type":"complex","placeholders":[]}},"properties":{"stencilid":"StartNoneEvent","stencilsuperid":"StartNoneEvent","stencilsuperids":["StartNoneEvent"],"customstencil":false,"formproperties":"","notes":"","interrupting":true,"bgcolor":"#ffffff","bordercolor":"#000000","executionlistener":"","name":"","name-run":"","id":"startnoneevent1","documentation":"","fontsize":"","fontweight":"","fontstyle":"","fontcolor":"#000000","async":false,"exclusive":true,"trigger":"None","initiator":"initiator","formreference":"","samedeployment":true,"formfieldvalidation":false,"formfieldvalidation-run":"","workformreference":"","workformsamedeployment":true,"workformfieldvalidation":false,"workformfieldvalidation-run":"","xmlTag":"StartNoneEvent"},"ssextensions":[],"outgoing":[{"resourceId":"sequenceFlow2"}],"dockers":[],"labels":[{"styles":{"fill":"#000000","size":"12","italic":false,"bold":false},"ref":"text_name"}]},{"resourceId":"emailTask1","stencil":{"id":"Task"},"pathProperties":{},"xmlProperties":[],"childShapes":[],"bounds":{"lowerRight":{"x":296,"y":316},"upperLeft":{"x":196,"y":236}},"outputmappingproperties":{"fields":{"type":"complex","placeholders":[]},"executionlistener":{"type":"complex","placeholders":[]}},"properties":{"stencilid":"EmailTask","stencilsuperid":"Task","stencilsuperids":["Task"],"customstencil":false,"categories":"","notes":"","looptype":"None","loopcollection":"","loopelementvariable":"","loopelementindexvariable":"loopCounter","loopcardinality":"","completioncondition":"","tasktype":"Email","bgcolor":"#ffffff","guid":"GEAR-6f5f6604-8ad7-41b4-9a1c-688443f48bf9","skipexpression":"","isforcompensation":false,"executionlistener":"","name":"Email task","name-run":"Email task","id":"emailTask1","documentation":"","fontsize":"12","fontweight":"normal","fontstyle":"normal","fontcolor":"#000000","async":false,"exclusive":true,"email":{"subjectType":"text","bodyType":"text","from":"from@example.com","to":"to@example.com","subject":"Test Subject","text":"Test Body"},"xmlTag":"EmailTask"},"ssextensions":[],"outgoing":[{"resourceId":"sequenceFlow1"}],"dockers":[],"labels":[{"styles":{"fill":"#000000","size":"12","italic":false,"bold":false},"ref":"text_name"}]},{"resourceId":"endNoneEvent1","stencil":{"id":"EndNoneEvent"},"pathProperties":{},"xmlProperties":[],"childShapes":[],"bounds":{"lowerRight":{"x":369,"y":290},"upperLeft":{"x":341,"y":262}},"outputmappingproperties":{"fields":{"type":"complex","placeholders":[]},"executionlistener":{"type":"complex","placeholders":[]}},"properties":{"stencilid":"EndNoneEvent","stencilsuperid":"EndNoneEvent","stencilsuperids":["EndNoneEvent"],"customstencil":false,"bgcolor":"#ffffff","notes":"","bordercolor":"#000000","executionlistener":"","name":"","name-run":"","id":"endNoneEvent1","documentation":"","fontsize":"12","fontweight":"normal","fontstyle":"normal","fontcolor":"#000000","trigger":"None","terminateall":false,"xmlTag":"EndNoneEvent"},"ssextensions":[],"outgoing":[],"dockers":[],"labels":[{"styles":{"fill":"#000000","size":"12","italic":false,"bold":false},"ref":"text_name"}]},{"resourceId":"sequenceFlow1","stencil":{"id":"SequenceFlow"},"pathProperties":{},"xmlProperties":[],"childShapes":[],"bounds":{"lowerRight":{"x":340,"y":276},"upperLeft":{"x":296,"y":276}},"outputmappingproperties":{"fields":{"type":"complex","placeholders":[]},"executionlistener":{"type":"complex","placeholders":[]}},"properties":{"stencilid":"SequenceFlow","stencilsuperid":"SequenceFlow","stencilsuperids":["SequenceFlow"],"customstencil":false,"bordercolor":"#000000","notes":"","executionlistener":"","name":"","name-run":"","id":"sequenceFlow1","bgcolor":"#ffffff","documentation":"","fontsize":"12","fontweight":"normal","fontstyle":"normal","fontcolor":"#000000","conditiontype":"None","conditionexpression":"","skipexpression":"","showdiamondmarker":false,"defaultflow":false,"xmlTag":"SequenceFlow"},"ssextensions":[],"outgoing":[{"resourceId":"endNoneEvent1"}],"dockers":[{"x":50,"y":40},{"x":14,"y":14}],"labels":[{"styles":{"fill":"#000000","size":"12","italic":false,"bold":false},"ref":"text_name"}],"target":{"resourceId":"endNoneEvent1"}},{"resourceId":"sequenceFlow2","stencil":{"id":"SequenceFlow"},"pathProperties":{},"xmlProperties":[],"childShapes":[],"bounds":{"lowerRight":{"x":195,"y":276},"upperLeft":{"x":147,"y":276}},"outputmappingproperties":{"fields":{"type":"complex","placeholders":[]},"executionlistener":{"type":"complex","placeholders":[]}},"properties":{"stencilid":"SequenceFlow","stencilsuperid":"SequenceFlow","stencilsuperids":["SequenceFlow"],"customstencil":false,"bordercolor":"#000000","notes":"","executionlistener":"","name":"","name-run":"","id":"sequenceFlow2","bgcolor":"#ffffff","documentation":"","fontsize":"12","fontweight":"normal","fontstyle":"normal","fontcolor":"#000000","conditiontype":"None","conditionexpression":"","skipexpression":"","showdiamondmarker":false,"defaultflow":false,"xmlTag":"SequenceFlow"},"ssextensions":[],"outgoing":[{"resourceId":"emailTask1"}],"dockers":[{"x":15,"y":15},{"x":50,"y":40}],"labels":[{"styles":{"fill":"#000000","size":"12","italic":false,"bold":false},"ref":"text_name"}],"target":{"resourceId":"emailTask1"}}],"bounds":{"lowerRight":{"x":1485,"y":1050},"upperLeft":{"x":0,"y":0}},"specialproperties":{"securitypolicy":{"type":"treeview"}},"outputmappingproperties":{"fields":{"type":"complex","placeholders":[]},"executionlistener":{"type":"complex","placeholders":[]},"dataproperties":{"type":"complex","placeholders":[]},"namespaces":{"type":"complex","placeholders":[]},"eventlisteners":{"type":"complex","placeholders":[]},"signaldefinitions":{"type":"complex","placeholders":[]},"messagedefinitions":{"type":"complex","placeholders":[]}},"properties":{"stencilid":"BPMNDiagram","stencilsuperid":"BPMNDiagram","stencilsuperids":["BPMNDiagram"],"customstencil":false,"executionlistener":"","notes":"","dataproperties":"","owner":"","owner-run":"","assignee":"","assignee-run":"","participantusers":"","participantusers-run":"","participantgroups":"","participantgroups-run":"","watcherusers":"","watcherusers-run":"","watchergroups":"","watchergroups-run":"","name":"Mail Test Process","id":"mailTestProcess","bgcolor":"#ffffff","documentation":"","fontsize":"12","fontweight":"normal","fontstyle":"normal","fontcolor":"#000000","labelexpression":"","name_en_us":"","name_de_de":"","name_fr_fr":"","name_it_it":"","name_es_es":"","name_i18n-key":"","guid":"PROCESS_MODEL-360e6314-6735-453b-9bad-c76507aa0297","author":"","language":"English","namespaces":"","creationdate":"2020-06-15T21:25:50.243Z","modificationdate":"2020-06-15T21:27:51.773Z","processinstancename":"","processinstancename_en_us":"","processinstancename_en_us-run":"","processinstancename_de_de":"","processinstancename_de_de-run":"","processinstancename_fr_fr":"","processinstancename_fr_fr-run":"","processinstancename_it_it":"","processinstancename_it_it-run":"","processinstancename_es_es":"","processinstancename_es_es-run":"","processinstancename-run":"","processinstancename_i18n-key":"","isprocessexecutable":true,"securitypolicy":"","customfolderpath":"","process_potentialstarteruser":"","process_potentialstarteruser-run":"","process_potentialstartergroup":"flowableUser","process_potentialstartergroup-run":"","do-not-inherit-start-user-as-owner":"","do-not-inherit-start-user-as-assignee":"","process_namespace":"","process_historylevel":"","eventlisteners":"","signaldefinitions":"","messagedefinitions":"","iseagerexecutionfetch":false,"initiator":"","version":"","process_author":"","xmlTag":"BPMNDiagram","description":""},"ssextensions":[],"stencilset":{"url":"./app/editor_stencilset","paletteKey":"flowable-process-palette","namespace":"http://b3mn.org/stencilset/bpmn2.0#"}}}