{"id":"APP_MODEL-d4ed683d-ed95-4330-8768-ae749293431b","name":"Greeting App","key":"greetingApp","description":"","editorJson":{"models":[{"id":"PROCESS_MODEL-cf906b8a-75ea-4d5d-8146-345541080698","name":"Greeting Process","version":7,"modelType":0,"description":"","createdBy":"d2d422e9-8b60-4fa5-a032-79d8952f1cfb","lastUpdatedBy":"d2d422e9-8b60-4fa5-a032-79d8952f1cfb","lastUpdated":"2020-06-10T07:43:57.966+0000","key":"greetingProcess","tenantId":"default"}],"cmmnModels":[],"formModels":[],"dmnModels":[],"workModels":[],"linkedModels":[{"id":"FORM_MODEL-61a41689-930d-4f5c-93e6-eda4ab98681b","name":"Greeting Info Form","version":2,"modelType":2,"description":"","createdBy":"Admin","lastUpdatedBy":"Admin","lastUpdated":"2020-06-09T08:52:24.502+0000","key":"greetingInfoForm","tenantId":"default"}],"pages":[],"theme":"theme-4","icon":"glyphicon-user","flowApp":false,"i18n":{}}}