{"id":"APP_MODEL-e5a1c200-180d-4a31-a81d-d05797996bc8","name":"Greeting App","key":"greetingApp","description":"","editorJson":{"models":[{"id":"PROCESS_MODEL-7a53e748-2b2a-4444-95fa-81421cf820ef","name":"Greeting Process","version":4,"modelType":0,"description":"","createdBy":"a7ff2d36-d933-4156-b496-ed2c036319c5","lastUpdatedBy":"a7ff2d36-d933-4156-b496-ed2c036319c5","lastUpdated":"2020-06-11T17:51:53.778+0000","key":"greetingProcess","tenantId":"default"}],"cmmnModels":[{"id":"CASE_MODEL-58ab808d-29c0-4edd-8981-f4623a9cfdf3","name":"Greeting Case","version":2,"modelType":5,"description":"","createdBy":"a7ff2d36-d933-4156-b496-ed2c036319c5","lastUpdatedBy":"a7ff2d36-d933-4156-b496-ed2c036319c5","lastUpdated":"2020-06-10T13:46:48.794+0000","key":"greetingCase","tenantId":"default"}],"formModels":[],"dmnModels":[],"workModels":[],"linkedModels":[{"id":"FORM_MODEL-61a41689-930d-4f5c-93e6-eda4ab98681b","name":"Greeting Info Form","version":2,"modelType":2,"description":"","createdBy":"Admin","lastUpdatedBy":"Admin","lastUpdated":"2020-06-09T08:52:24.502+0000","key":"greetingInfoForm","tenantId":"default"}],"pages":[],"theme":"theme-4","icon":"glyphicon-user","flowApp":false,"i18n":{}}}