{"id":"APP_MODEL-e5a1c200-180d-4a31-a81d-d05797996bc8","name":"Greeting App","key":"greetingApp","description":"","editorJson":{"models":[{"id":"PROCESS_MODEL-7a53e748-2b2a-4444-95fa-81421cf820ef","name":"Greeting Process","version":8,"modelType":0,"description":"","createdBy":"a7ff2d36-d933-4156-b496-ed2c036319c5","lastUpdatedBy":"a7ff2d36-d933-4156-b496-ed2c036319c5","lastUpdated":"2020-06-12T13:12:38.682+0000","key":"greetingProcess","tenantId":"default"},{"id":"PROCESS_MODEL-360e6314-6735-453b-9bad-c76507aa0297","name":"Mail Test Process","version":2,"modelType":0,"description":"","createdBy":"a7ff2d36-d933-4156-b496-ed2c036319c5","lastUpdatedBy":"a7ff2d36-d933-4156-b496-ed2c036319c5","lastUpdated":"2020-06-15T21:27:51.773+0000","key":"mailTestProcess","tenantId":"default"}],"cmmnModels":[{"id":"CASE_MODEL-58ab808d-29c0-4edd-8981-f4623a9cfdf3","name":"Greeting Case","version":2,"modelType":5,"description":"","createdBy":"a7ff2d36-d933-4156-b496-ed2c036319c5","lastUpdatedBy":"a7ff2d36-d933-4156-b496-ed2c036319c5","lastUpdated":"2020-06-10T13:46:48.794+0000","key":"greetingCase","tenantId":"default"}],"formModels":[],"dmnModels":[],"workModels":[{"id":"DATA_OBJECT_MODEL-0ef3831a-e88c-4091-8180-304cc48945f9","name":"Dataobject Example Model","version":1,"modelType":11,"createdBy":"Admin","lastUpdatedBy":"Admin","lastUpdated":"2020-06-15T11:44:32.582+0000","key":"dataobjectExampleModel","tenantId":"default"},{"id":"SERVICE_DEFINITION_MODEL-fa7ba98f-7b3f-4d56-89ae-0682413b2fcb","name":"Customer DO Service","version":1,"modelType":13,"createdBy":"Admin","lastUpdatedBy":"Admin","lastUpdated":"2020-06-15T11:46:34.159+0000","key":"customerDOService","tenantId":"default"},{"id":"LIQUIBASE_CHANGELOG_MODEL-0d9675cc-6877-42cd-be7c-f7935c6eb369","name":"Customer Liquibase changelog","version":1,"modelType":14,"createdBy":"Admin","lastUpdatedBy":"Admin","lastUpdated":"2020-06-15T11:48:12.348+0000","key":"customerLiquibaseChangelog","tenantId":"default"}],"linkedModels":[{"id":"FORM_MODEL-61a41689-930d-4f5c-93e6-eda4ab98681b","name":"Greeting Info Form","version":2,"modelType":2,"description":"","createdBy":"Admin","lastUpdatedBy":"Admin","lastUpdated":"2020-06-09T08:52:24.502+0000","key":"greetingInfoForm","tenantId":"default"}],"pages":[],"theme":"theme-4","icon":"glyphicon-user","flowApp":false,"i18n":{}}}